21f1000605@student.onlinedegree.iitm.ac.in
AMIT KUMAR KHOIWAL <21f1006452@student.onlinedegree.iitm.ac.in>
21f3002849@student.onlinedegree.iitm.ac.in
21f3002945@student.onlinedegree.iitm.ac.in
21f3003001@student.onlinedegree.iitm.ac.in
223025070@sastra.ac.in
22ds1000283@student.onlinedegree.iitm.ac.in
22ds2000079@student.onlinedegree.iitm.ac.in
22ds2000108@student.onlinedegree.iitm.ac.in
22f1001572@student.onlinedegree.iitm.ac.in
22f1001679@student.onlinedegree.iitm.ac.in
22f2000271@student.onlinedegree.iitm.ac.in
22f2000402@student.onlinedegree.iitm.ac.in
22f2000990@student.onlinedegree.iitm.ac.in
22f3000081@student.onlinedegree.iitm.ac.in
22f3000111@student.onlinedegree.iitm.ac.in
22f3000204@student.onlinedegree.iitm.ac.in
22f3000430@student.onlinedegree.iitm.ac.in
aarchies.2310@gmail.com
abhishekkhorasiya77@gmail.com
abhisth.srivastava16@gmail.com
adivikram4651@gmail.com
affagifts@gmail.com
Shreyash Agrawal <agrawal.shreyash@iitgn.ac.in>
akshaja Bhat <akshajabhat@gmail.com>
alokpurohit1@hotmail.com
aloorkarprateek@gmail.com
animeghb@gmail.com
Anirban Dasgupta <anirbandg@iitgn.ac.in>
Ankita Jain S <ankitajains@iitgn.ac.in>
aruna.sk@christuniversity.in
ashishthakur310@gmail.com
"Atri Ghosh (Atri Ghosh 21510003)" <atrighosh@iitgn.ac.in>
basak.romit@gmail.com
bhavanapurohit20@gmail.com
Binita Maity <binitamaity@iitgn.ac.in>
Omkar Dahiwale <dahiwaleomkar12@gmail.com>
dash_mriganka@yahoo.com
Prasuj Das <dasprasuj@iitgn.ac.in>
Deepanjali Kumari <deepanjali.kumari@iitgn.ac.in>
dharmesh_ce@ldrp.ac.in
dineshjothi2000@gmail.com
divanshiphdresearch@gmail.com
dq84160@gmail.com
dugyalamounika18@gmail.com
dvparekh71@gmail.com
er.arvindmahindru@gmail.com
erahulkulkarni@gmail.com
faizaan.cse@gmail.com
frolic32k@gmail.com
gumatnj76@gmail.com
habhinav2003@gmail.com
harshjoshi5115@gmail.com
hemantsahu@gmail.com
Himanshu Beniwal <himanshubeniwal@iitgn.ac.in>
Iram Nawab <iramnawab@iitgn.ac.in>
Riya Jain <jainriya@iitgn.ac.in>
jayamaheshjaya@gmail.com
jethrojyrwaroy@gmail.com
Jyothi Krishnan <jyothi.k@iitgn.ac.in>
kanhus082@gmail.com
kaushalpatel15@gmail.com
kavleen2007@hotmail.com
kohilamca@gmail.com
kunalmohanta831@gmail.com
madhu.mh07@gmail.com
Nipun Mahajan <mahajan.n@iitgn.ac.in>
mamta.wanjre@aissmsioit.org
Manu Raveendran <manuraveendran@gmail.com>
meharshsopran@email.com
molsamina6@gmail.com
nandusatish07@gmail.com
Saraswati Girish Nanoti 19310085 <nanoti_saraswati@iitgn.ac.in>
naveen978723@gmail.com
nilamchopade4@gmail.com
Anant Patel <patelanant@iitgn.ac.in>
pindumathi_ca@kongunaducollege.ac.in
prabhu.spectra@gmail.com
praveengkp63@gmail.com
raffieesha@gmail.com
raju.ramakrishna@christuniversity.ac.in
Rakesh Thakur <rakesh.thakur@iitgn.ac.in>
rakshatha.s@jyothyit.ac.in
raonavin.rao@gmail.com
rashmi.ks@jyothyit.ac.in
rbparekhd@gmail.com
revathy1404@gmail.com
richwill09@gmail.com
riz.alig@gmail.com
rkv9111@gmail.com
rmishra80@gmail.com
rmsridhar@rediffmail.com
Rushali R <rrushali@iitgn.ac.in>
rsansiya@gmail.com
rshinde.33381@gmail.com
rssworkingindia@gmail.com
rukkaiyaydalal@gmail.com
s.sakthivel@velhightech.com
sahilqayoom7@gmail.com
Venkata Sai Kumar Gavini <saikrgavini@iitgn.ac.in>
sairajp456@gmail.com
sangeeta.oswal@ves.ac.in
sanjayvbadgire@gmail.com
sanjuonline1@gmail.com
saurabh.kapoor@gmail.com
sawantshriraj1391997@gmail.com
sdt8453@gmail.com
shahharsh94847@gmail.com
shahsneha9477@gmail.com
Shoaib Alam <shoaibalam@iitgn.ac.in>
Shrutimoy Das <shrutimoydas@iitgn.ac.in>
shubhajitroy123@gmail.com
singh.sadhana.945@gmail.com
Shruti Singh <singh_shruti@iitgn.ac.in>
sandip modha <sjmodha@gmail.com>
sksaruna@yahoo.co.in
spsuresh@cmi.ac.in
ssonaliggupta@gmail.com
suhamj27@gmail.com
sunita.singhal@jaipur.manipal.edu
suthavenice@gmail.com
Tanmay Saurave <tanmay.saurave@iitgn.ac.in>
Dhara Thakkar <thakkar_dhara@iitgn.ac.in>
thisissrworld@gmail.com
vijji.lnctphd@gmail.com
vinmathis@gmail.com
22f1001693@student.onlinedegree.iitm.ac.in
princesharma2787@gmail.com
Madhavan Mukund <madhavan@cmi.ac.in>
Chitra Babu <chitra@ssn.edu.in>
Chandrashekhar Sahasrabudhe <shekhar_sahasrabudhe@persistent.com>
1032191154@mitwpu.edu.in
jayant.kirtane@gmail.com
ashu.rai87@gmail.com
pankaj.p@iitgn.ac.in
uttam11.velani11@gmail.com